{"active_modifiers":[[0,[[0,-3.0]]]],"pos":{"x":1258.42431640625,"y":2439.5302734375},"type":1}