{"active_modifiers":[],"pos":{"x":1283.7919921875,"y":3903.681396484375},"type":2}