{"active_modifiers":[[0,[[0,-1.0]]],[2,[[0,0.5]]]],"pos":{"x":3817.114013671875,"y":4137.4892578125},"type":2}