{"active_modifiers":[[0,[[0,-7.5]]],[3,[[0,18.0],[0,12.0],[0,12.0],[0,22.0]]],[2,[[0,0.5],[0,0.5],[0,0.5],[0,0.5]]],[1,[[0,0.5],[0,0.5],[0,1.0]]]],"pos":{"x":1620.4337158203125,"y":3736.406005859375},"type":0}