{"active_modifiers":[[4,[[0,-2.0]]],[5,[[0,0.5],[0,0.5]]]],"pos":{"x":2410.87744140625,"y":3412.927734375},"type":2}