{"active_modifiers":[[4,[[0,-64.0]]],[1,[[0,1.0],[0,0.5]]],[5,[[0,0.5]]],[2,[[0,0.5]]],[3,[[0,16.0]]],[6,[[0,-0.02500000037252903]]]],"pos":{"x":2834.674072265625,"y":6777.64501953125},"type":2}