{"is_vertical_sync":true,"music_value":0.14000000059604645,"sound_value":0.5333333611488342}