{"is_vertical_sync":false,"music_value":0.16333332657814026,"sound_value":0.2266666740179062}