{"is_vertical_sync":true,"music_value":0.12666666507720947,"sound_value":0.8033333420753479}